email,name,age,sex
walkerkaren@example.org,Miss Kristina Harris DVM,25,M
burnstiffany@example.net,Debra Hale,44,M
parkscarla@example.net,Mark Lane,54,F
smithrichard@example.net,Jacqueline Park,38,M
martinjim@example.org,Kristina Howell,45,M
deannameyer@example.org,Gina Hamilton,52,F
weissjanice@example.net,Sabrina Jordan,56,F
tanderson@example.net,Kimberly Hicks,63,F
rodriguezdonald@example.org,Leah Kennedy,39,M
victoriagutierrez@example.org,Jennifer Johnson,44,F
frankhardy@example.net,Kim Leon,18,M
sullivanchristina@example.com,David Delgado,51,F
alexanderramsey@example.com,Michael Matthews,21,F
pearsonchristopher@example.com,Blake Griffin,20,M
tonynorton@example.net,Nicholas Phillips,36,M
galvankrista@example.com,Joshua Garcia,46,M
wrightscott@example.net,Tina Wilson,50,M
maria84@example.com,Kenneth Phillips,29,F
deborahlopez@example.net,Olivia Allen,60,M
nkim@example.com,John Brown,39,M
robert23@example.com,Jessica Beck,65,M
scottflynn@example.net,Timothy Daugherty,48,M
smithlindsey@example.net,Jaime Simmons,54,M
bcarson@example.com,Victoria Johnson,33,M
sierrasalazar@example.com,Connie Wagner,26,M
psmith@example.com,Matthew Payne,49,M
charles29@example.com,Dr. Shelby Cook,49,M
andersonmiguel@example.org,Wendy Carroll,24,F
wigginskristin@example.com,Christina Nguyen,18,F
shernandez@example.net,Jeanette Roberts,20,F
ashleyblack@example.org,Seth Hamilton,52,M
zjones@example.org,Stephanie Scott,47,M
tcarr@example.com,Kathryn Carroll,61,F
lopezdominique@example.org,Andrew King MD,48,F
marybridges@example.net,Gregory Reyes,55,M
barbaragomez@example.net,Kathryn Dunn,18,F
thomasjennifer@example.net,Katherine Larson,60,F
jeremyanderson@example.com,Heidi Hanna,53,M
uparrish@example.net,Glen Webster,29,F
brandy45@example.com,Christopher Scott,54,M
christine18@example.net,Rebekah Hernandez,38,F
kpowell@example.com,Jennifer Parker,49,M
dspencer@example.com,Mark Smith,52,F
kayla00@example.net,James Ramirez,23,M
brett68@example.org,Shawn Bean,29,M
youngjulie@example.net,Justin Campos,31,F
isantos@example.com,Deanna Steele,28,M
bbartlett@example.net,Desiree Green,53,F
ashley96@example.org,Mary Wright,59,F
lpalmer@example.com,Brian Alexander,54,M
kmontgomery@example.net,Melissa Butler,43,F
cobbmatthew@example.com,Richard Howell,29,F
acuevas@example.org,David Avery,30,M
ashley56@example.com,Wanda King,47,F
whitedennis@example.net,Terri Stokes,65,M
clarknicole@example.com,Angela Williams,54,F
brianlee@example.net,John Black,48,F
masseykelly@example.org,Cynthia Jacobs,58,F
michellelong@example.net,Gabrielle Hansen,29,M
tracy56@example.org,James Owens,23,F
